trama,Genere Predetto,timestamp
"Fletcher Reede is a divorced defense lawyer living in Los Angeles who loves spending time with his young son, Max. However, he has a habit of giving precedence to his career, breaking promises to Max and his ex-wife, Audrey, and then lying about the reasons. After Fletcher misses Max's birthday party when senior partner Miranda lures him to get promoted by having sex in the office, Max makes a birthday wish for Fletcher to be unable to lie for one day.

Fletcher soon discovers that he is unable to lie, mislead, or withhold the truth. This alienates him from Miranda and his secretary Greta, gets his car impounded when he confesses all of his traffic infractions and unpaid tickets to a police officer, and causes him an inability to bend the truth in court.

Fletcher's newest client is Samantha Cole, a gold digger who wants a net sum from her soon-to-be ex-husband, Richard Cole. The main witness, Kenneth Falk, with whom Samantha has been cheating, is eager to lie in court to win, but Fletcher cannot suborn perjury. Meanwhile, Audrey is planning to move to Boston with her fiancé, Jerry, and decides to take Max to protect him from future disappointments that Fletcher may cause him.

Fletcher tries to delay the case by staging an assault on himself but is unable to lie his way into a continuance. Knowing that he cannot refute the proof of Samantha's adultery, he successfully disputes the validity of her prenuptial agreement after overhearing her reveal her actual age, discovering that she signed it as a minor without parental consent. This entitles Samantha to 50% of Richard's marital assets, allowing Fletcher to win the case truthfully. However, Samantha also insists on contesting custody of their children for extra child support payments. Fletcher watches as she pulls her crying children out of Richard's arms. Horrified, Fletcher demands that the decision be reversed, but the judge holds him in contempt. Fletcher calls Audrey to bail him out, but she informs him that their plane leaves for Boston that night. Greta, having realized that Fletcher turned over a new leaf, pays his bail.

Fletcher rushes to the airport, but Audrey and Max's plane has left the gate. In desperation, he hijacks a mobile stairway to pursue the plane onto the runway. He gets the plane to stop but is injured after he crashes the mobile stairway and gets thrown off. On a stretcher, Fletcher vows to Max that he will spend more time with him. He says that despite the fact that he is free to lie now that the 24 hours have elapsed, it feels better to be honest. Max believes him, and Audrey, encouraged by Jerry, decides to remain in California.

One year later, Fletcher and Audrey are celebrating Max's birthday. Max makes a birthday wish, only to find that Fletcher and Audrey are kissing when the lights come back on. Fletcher asks Max if he wished for them to get back together, but Max says he only wished for rollerblades. The family returns to normal as Fletcher chases Audrey and Max around the house with ""the Claw"", a game that Fletcher often plays with Max.",,2025-05-20 16:26:30.852763
